2023-04-07 12:28:07,358,9549,285,5298
2023-04-07 12:28:10,358,9549,285,5298
2023-04-07 12:28:11,258,9549,285,5298
2023-04-07 12:28:13,358,9549,285,5298
2023-04-07 12:28:15,358,9549,285,5298
2023-04-07 12:28:17,358,9549,285,5298
2023-04-07 12:28:19,358,9549,285,5298
2023-04-07 12:28:20,358,9549,285,5298
2023-04-07 12:28:21,358,9549,285,5298
2023-04-07 12:28:22,358,9549,285,5298
2023-04-07 12:28:23,358,9549,285,52998
2023-04-07 12:28:24,358,9549,285,5298
2023-04-07 12:28:24,358,9549,285,52898
2023-04-07 12:28:25,358,9549,285,5298
2023-04-07 12:28:26,358,9549,285,5298
2023-04-07 12:28:27,358,9549,285,5298
2023-04-07 12:28:29,358,9549,285,5298
2023-04-07 12:28:30,358,9549,285,5298
2023-04-07 12:28:31,358,9549,285,5298
2023-04-07 12:28:32,358,9549,285,52988
2023-04-07 12:28:33,358,9549,285,5298
2023-04-07 12:28:34,358,9549,285,52989
2023-04-07 12:28:35,358,9549,285,5298
2023-04-07 12:28:36,358,9549,285,52989
2023-04-07 12:28:37,358,9549,285,5298
2023-04-07 12:28:40,358,9549,285,52989
2023-04-07 12:28:41,358,9549,285,5298
2023-04-07 12:28:42,358,9549,285,5298
2023-04-07 12:30:15,358,9549,285,5298
2023-04-07 12:30:16,358,9549,285,5298
2023-04-07 12:30:17,358,9549,285,52989
2023-04-07 12:30:19,358,9549,285,5298
2023-04-07 12:30:20,358,9549,285,5298
2023-04-07 12:30:22,358,9549,285,52989
2023-04-07 12:30:23,358,9549,285,52989
2023-04-07 12:30:24,358,9549,285,5298
2023-04-07 12:30:25,358,9549,285,52998
2023-04-07 12:30:26,358,9549,285,5298
2023-04-07 12:30:27,358,9549,285,5298
2023-04-07 12:30:28,358,9549,285,5298
2023-04-07 12:30:29,358,9549,285,5298
2023-04-07 12:30:30,358,9549,285,52998
2023-04-07 12:30:31,358,9549,285,5298
2023-04-07 12:30:32,358,9549,285,5298
2023-04-07 12:30:33,358,9549,285,5298
2023-04-07 12:30:34,358,9549,285,5298
2023-04-07 12:30:35,358,9549,285,5298
2023-04-07 12:30:36,358,9549,285,5298
2023-04-07 12:30:37,358,9549,285,52989
2023-04-07 12:30:38,358,9549,285,5298
2023-04-07 12:30:39,358,9549,285,52989
2023-04-07 12:30:40,358,9549,285,5298
2023-04-07 12:30:41,358,9549,285,5298
2023-04-07 12:30:42,358,9549,285,5298
2023-04-07 12:32:27,358,9549,285,52989
2023-04-07 12:32:28,358,9549,285,5298
2023-04-07 12:32:29,358,9549,285,5298
2023-04-07 12:32:31,358,9549,288,505298
2023-04-07 12:32:32,358,9549,285,5298
2023-04-07 12:32:34,358,9549,285,5298
2023-04-07 12:32:36,358,95499,285,5298
2023-04-07 12:32:39,358,9549,285,5298
2023-04-07 12:34:58,258,9549,285,52989
2023-04-07 12:34:59,358,95499,285,52989
2023-04-07 12:35:00,358,9549,285,5298
2023-04-07 12:35:06,358,9549,285,5298
2023-04-07 12:35:08,358,9549,285,5299
2023-04-07 12:35:10,358,9549,285,5298
2023-04-07 12:35:11,358,9549,285,5298
2023-04-07 12:35:12,358,9549,285,5298
2023-04-07 12:35:13,358,9549,285,5298
2023-04-07 12:35:14,258,9549,285,5298
2023-04-07 12:35:17,258,9549,285,5298
2023-04-07 12:35:18,358,9549,285,5298
2023-04-07 12:35:19,358,9549,285,5298
2023-04-07 12:35:20,358,9549,285,5298
2023-04-07 12:35:21,258,9549,285,5298
2023-04-07 12:35:22,358,9549,285,52998
2023-04-07 12:35:23,358,9549,285,5298
2023-04-07 12:35:24,358,9549,285,5298
2023-04-07 12:35:25,358,9549,285,5298
2023-04-07 12:35:27,358,9549,285,5298
2023-04-07 12:35:29,358,9549,285,5298
2023-04-07 12:35:30,258,9549,285,5298
2023-04-07 12:46:15,358,9549,285,52989
2023-04-07 12:46:16,358,9549,285,5298
2023-04-07 12:46:18,358,9549,285,5298
2023-04-07 12:46:20,358,9549,285,52998
2023-04-07 12:46:22,358,9549,285,5298
2023-04-07 12:46:25,358,9549,285,5298
2023-04-07 12:46:27,358,9549,285,5298
2023-04-07 12:46:28,358,9549,285,52989
2023-04-07 12:46:29,358,9549,285,5298
2023-04-07 12:46:34,358,9549,285,5298
2023-04-07 12:46:39,358,9549,285,5298
2023-04-07 12:46:40,358,9549,285,5298
2023-04-07 12:46:42,358,9549,285,5298
2023-04-07 12:46:44,358,9549,285,5298
2023-04-07 12:46:45,358,9549,285,5298
2023-04-07 12:46:47,358,9549,285,5298
2023-04-07 12:46:48,358,9549,285,5298
2023-04-07 12:46:49,358,9549,285,5298
2023-04-07 12:46:51,358,9549,285,5298
2023-04-07 12:46:52,358,9549,285,5298
2023-04-07 12:46:54,358,9549,285,5298
2023-04-07 12:46:57,358,9549,285,5298
2023-04-07 12:46:58,358,9549,285,5298
2023-04-07 12:52:46,3258,9549,285,5298
2023-04-07 12:52:49,358,9549,285,52989
2023-04-07 12:52:51,358,9549,285,5298
2023-04-07 12:52:52,358,9549,285,5298
2023-04-07 12:52:54,358,9549,285,5298
2023-04-07 12:52:55,258,9549,285,5298
2023-04-07 12:52:57,358,9549,285,5298
2023-04-07 12:52:58,358,9549,285,5298
2023-04-07 12:52:59,358,9549,285,5298
2023-04-07 12:53:00,2588,9549,285,5298
2023-04-07 12:53:03,2358,9549,285,52989
2023-04-07 12:53:06,3258,9549,285,5298
2023-04-07 12:53:07,358,9549,285,5298
2023-04-07 12:53:08,358,9549,285,5298
2023-04-07 12:53:10,358,9549,285,5298
2023-04-07 12:53:12,358,9549,285,5298
2023-04-07 12:53:13,358,9549,285,5298
2023-04-07 12:53:16,358,9549,285,5298
2023-04-07 12:53:18,2358,9549,285,52989
2023-04-07 12:53:19,2358,9549,285,52989
2023-04-07 12:53:20,358,9549,285,5298
2023-04-07 12:53:22,358,9549,285,5298
2023-04-07 12:53:23,3258,9549,285,5298
2023-04-07 12:53:24,3258,95499,285,52989
2023-04-07 12:53:26,358,9549,285,5298
2023-04-07 12:53:27,3258,9549,285,5298
2023-04-07 12:53:40,358,9549,285,5298
2023-04-07 12:53:42,358,9549,285,5298
2023-04-07 12:53:45,358,9549,285,5298
2023-04-07 12:53:46,358,9549,285,52998
2023-04-07 12:53:49,358,9549,285,5298
2023-04-07 12:53:51,358,9549,285,5298
2023-04-07 12:53:53,358,9549,285,5298
2023-04-07 12:53:55,358,9549,285,5298
2023-04-07 12:53:56,358,9549,285,5298
2023-04-07 12:53:58,358,9549,285,5298
2023-04-07 13:01:38,358,9549,285,5298
2023-04-07 13:01:39,358,9549,285,5298
2023-04-07 13:01:40,358,9549,285,5298
2023-04-07 13:01:40,358,9549,285,5298
2023-04-07 13:01:42,358,9549,285,5298
2023-04-07 13:01:43,358,9549,285,5298
2023-04-07 13:01:45,358,9549,285,52998
2023-04-07 13:01:46,358,9549,285,5298
2023-04-07 13:01:47,358,9549,285,52989
2023-04-07 13:01:48,358,9549,285,52989
2023-04-07 13:01:49,3588,9549,285,5298
2023-04-07 13:01:50,358,9549,285,5298
2023-04-07 13:01:51,358,9549,285,52998
2023-04-07 13:01:53,358,9549,285,5298
2023-04-07 13:01:54,358,9549,285,529
2023-04-07 13:01:55,2358,95499,285,52
2023-04-07 13:03:21,358,9549,285,5298
2023-04-07 13:03:22,358,9549,285,5298
2023-04-07 13:03:23,358,9549,285,5298
2023-04-07 13:03:24,358,9549,285,52998
2023-04-07 13:03:25,358,9549,285,5298
2023-04-07 13:03:26,358,9549,285,5298
2023-04-07 13:03:27,3588,9549,285,5298
2023-04-07 13:04:29,2358,9549,285,52989
2023-04-07 13:04:31,258,9549,285,5298
2023-04-07 13:04:32,258,9549,285,5298
2023-04-07 13:04:33,258,9549,285,5298
2023-04-07 13:04:34,23588,9549,285,52998
2023-04-07 13:04:35,258,9549,285,5298
2023-04-07 13:04:36,258,9549,285,5298
2023-04-07 13:04:38,2358,9549,285,5298
2023-04-07 13:04:39,3258,9549,285,5298
2023-04-07 13:11:49,358,9552,285,7541
2023-04-07 13:11:50,358,9552,285,7541
2023-04-07 13:11:50,358,9552,285,75411
2023-04-07 13:11:52,358,9552,285,75411
2023-04-07 13:11:52,358,9552,285,7541
2023-04-07 13:11:55,358,9552,285,7541
2023-04-07 13:11:56,358,9552,285,7541
2023-04-07 13:11:56,358,9552,285,7541
2023-04-08 21:47:59,358,90554,285,90007905941
2023-04-08 21:48:03,358,4905554,285,75041
2023-04-08 21:48:04,358,90554,285,705941
2023-04-08 21:48:05,358,9055954,285,7541
2023-04-08 21:48:08,358,790554,285,7059411
2023-04-08 21:48:09,358,990554,285,7541
2023-04-08 21:48:11,358,490554,285,70541
2023-04-08 21:48:12,358,490554,285,75041
2023-04-08 21:48:14,358,9055445,285,75041
2023-04-08 21:48:16,358,4000090554,285,7541
2023-04-08 21:48:17,358,90554,285,75041
2023-04-08 21:48:18,358,90554,285,975041
2023-04-08 21:48:19,358,4905554,285,900075041
2023-04-08 21:48:22,358,995545,285,7541
2023-04-08 21:48:23,355,955554,285,5754
2023-04-08 21:48:24,358,95554,285,750413
2023-04-10 19:25:03,358,9549,285,5298
2023-04-10 19:25:07,358,9549,285,5298
2023-04-10 19:25:08,358,9549,285,5298
2023-04-10 19:25:10,358,9549,285,5298
2023-04-10 19:25:11,358,9549,285,5298
2023-04-10 19:25:13,358,9549,285,5298
2023-04-10 19:25:14,358,9549,285,5298
2023-04-10 19:25:15,8,352,285,522
2023-04-10 19:25:17,358,9549,285,5298
2023-04-10 19:25:19,358,9549,285,5298
2023-04-10 19:25:20,358,9549,285,5298
2023-04-10 19:25:21,358,9549,285,5298
2023-04-10 19:25:23,358,9549,285,5298
2023-04-10 19:25:24,358,9549,285,5298
2023-04-10 19:25:26,358,9549,285,5298
2023-04-10 19:25:27,358,9549,285,5298
2023-04-10 19:25:28,358,9549,285,5298
2023-04-10 19:25:30,358,9549,285,5298
2023-04-10 19:25:31,5,9549,285,52
2023-04-10 19:31:01,358,9549,285,5298
2023-04-10 19:31:02,358,9549,285,5298
2023-04-10 19:31:04,358,9549,285,5298
2023-04-10 19:31:05,358,9549,285,5298
2023-04-10 19:31:15,358,9549,285,5298
2023-04-10 19:31:16,25,9549,285,5298
2023-04-10 19:31:18,358,9549,285,5298
2023-04-10 19:31:19,358,9549,285,5298
2023-04-10 19:31:20,358,9549,285,5298
2023-04-10 19:31:21,358,9549,285,5298
2023-04-10 19:31:23,358,9549,285,5298
2023-04-10 19:35:43,358,9549,285,5298
2023-04-10 19:35:46,58,9549,285,5298
2023-04-10 19:35:49,358,9549,285,5298
2023-04-10 19:35:51,358,9549,285,5298
2023-04-10 19:35:53,358,9549,285,5298
2023-04-10 19:35:54,358,9549,285,5298
2023-04-10 19:35:56,358,9549,285,5298
2023-04-10 19:35:57,358,9549,285,5298
2023-04-10 19:35:59,358,9549,285,5298
2023-04-10 19:36:00,358,9549,285,5298
2023-04-10 19:36:02,358,9549,285,5298
2023-04-10 19:41:02,258,9549,285,5298
2023-04-10 19:41:04,358,9549,285,5298
2023-04-10 19:41:05,358,9549,285,5298
2023-04-10 19:41:07,358,9549,285,5298
2023-04-10 19:41:26,258,9549,285,5
2023-04-10 19:41:27,358,9549,285,
2023-04-10 19:41:29,3258,9549,285,
2023-04-10 19:41:35,258,9549,285,529
2023-04-10 19:41:37,358,9549,285,5298
2023-04-10 19:41:38,258,9549,285,5296
2023-04-10 19:41:40,358,9549,285,529
2023-04-10 19:43:15,58,9549,285,5298
2023-04-10 19:43:17,358,9549,285,5298
2023-04-10 19:43:18,358,9549,285,5298
2023-04-10 19:43:20,358,9549,285,5298
2023-04-10 19:43:21,358,9549,285,5298
2023-04-10 19:43:23,258,9549,285,5298
2023-04-10 19:43:25,258,9549,285,5298
2023-04-10 19:43:29,2358,9549,285,5298
2023-04-10 19:43:32,258,9549,285,5298
2023-04-10 19:43:33,358,9549,285,5298
2023-04-10 19:43:35,358,9549,285,5298
2023-04-10 19:43:36,358,9549,285,5298
2023-04-10 19:43:38,358,9549,285,5298
2023-04-10 20:11:35,358,9549,285,5298
2023-04-10 20:11:39,358,9549,285,5298
2023-04-10 20:11:41,358,9549,285,5298
2023-04-10 20:11:43,358,9549,285,5298
2023-04-10 20:11:44,358,9549,285,5298
2023-04-10 20:11:46,358,9549,285,5298
2023-04-10 20:11:47,358,9549,285,5298
2023-04-10 20:11:48,358,9549,285,5298
2023-04-10 20:11:50,358,9549,285,5298
2023-04-10 20:11:51,358,9549,285,5298
2023-04-10 20:11:52,358,9549,285,5298
2023-04-10 20:11:54,358,9549,285,5298
2023-04-10 20:11:55,358,9549,285,5298
2023-04-10 20:11:56,358,9549,285,5298
2023-04-10 20:11:58,358,9549,285,5298
2023-04-10 20:11:59,358,9549,285,5298
2023-04-10 20:12:01,358,9549,285,5298
2023-04-10 20:12:02,358,9549,285,5298
2023-04-10 20:12:03,358,9549,285,5298
2023-04-10 20:12:07,358,9549,285,5298
2023-04-10 20:17:26,358,9549,285,5298
2023-04-10 20:17:28,358,95449,285,5298
2023-04-10 20:17:30,358,9549,285,5298
2023-04-10 20:17:31,358,9549,285,5298
2023-04-10 20:17:32,358,9549,285,52098
2023-04-10 20:17:34,358,9549,285,5298
2023-04-10 20:17:35,358,9549,285,5298
2023-04-10 20:17:36,358,9549,285,5298
2023-04-10 20:17:39,358,9549,285,52098
2023-04-10 20:17:40,358,9549,285,52098
2023-04-10 20:17:41,358,9549,285,5298
2023-04-10 20:17:43,358,9549,285,5298
2023-04-10 20:17:44,358,9549,285,5298
2023-04-10 20:17:45,358,49554,285,5296
2023-04-10 20:17:46,358,9552,285,541
2023-04-10 20:17:47,358,9554,285,7541
2023-04-10 20:17:48,358,9549,285,7550
2023-04-10 20:17:50,358,5337,285,7547
2023-04-10 20:17:51,358,5337,285,75041
2023-04-10 20:17:52,358,5337,285,5298
2023-04-10 20:17:53,358,5334,285,5296
2023-04-10 20:17:54,358,9554,285,5293
2023-04-10 20:17:55,358,9549,285,52091
2023-04-10 20:17:56,358,9554,285,7547
2023-04-10 20:17:57,358,9549,285,7549
2023-04-10 20:17:58,58,90554,285,7545
2023-04-10 20:17:59,358,5336,285,7541
2023-04-10 20:18:01,358,5337,285,52094
2023-04-10 20:18:02,358,5336,285,5297
2023-04-10 20:18:03,358,5336,285,5294
2023-04-10 20:18:05,358,9549,285,5291
2023-04-10 20:18:06,358,9552,286,52073
2023-04-10 20:18:07,358,9552,286,7549
2023-04-10 20:18:08,358,9552,286,7545
2023-04-10 20:18:08,358,9552,285,7543
2023-04-10 20:18:09,358,5337,285,7539
2023-04-10 20:18:10,358,5334,285,7550
2023-04-10 20:18:12,358,5336,285,5294
2023-04-10 20:20:36,358,9549,285,7547
2023-04-10 20:20:38,358,9552,286,7547
2023-04-10 20:20:39,358,5336,286,7543
2023-04-10 20:20:40,3458,5334,285,52
2023-04-10 20:20:41,258,5336,285,5294
2023-04-10 20:20:42,358,9549,285,52091
2023-04-10 20:20:44,358,9554,285,7550
2023-04-10 20:20:45,358,9552,285,754
2023-04-10 20:20:46,358,5334,285,754
2023-04-10 20:20:48,2358,5334,286,527
2023-04-10 20:20:49,358,5336,285,52
2023-04-10 20:20:50,358,9552,285,52
2023-04-10 20:20:52,358,9552,285,75
2023-04-10 20:20:53,358,5334,286,0
2023-04-10 20:20:56,3258,9552,285,5294
2023-04-10 20:20:58,358,9552,285,7550
2023-04-10 20:32:48,358,9549,285,598
2023-04-10 20:32:51,358,9549,285,5298
2023-04-10 20:32:53,358,9549,285,5298
2023-04-10 20:32:54,358,9549,285,5298
2023-04-10 20:32:57,358,9549,285,5298
2023-04-10 20:32:59,358,9549,285,5298
2023-04-10 20:33:00,358,9549,285,5298
2023-04-10 20:33:01,358,9549,285,5298
2023-04-10 20:33:02,358,9549,285,5298
2023-04-10 20:33:04,358,9549,285,5298
2023-04-10 20:33:05,358,9549,285,5298
2023-04-10 20:33:07,358,9549,285,5298
2023-04-10 20:33:08,358,9549,285,5298
2023-04-10 20:33:09,358,9549,285,5298
2023-04-10 20:33:11,358,9549,285,5298
2023-04-10 20:33:12,358,9549,285,5298
2023-04-10 20:33:13,358,9549,285,5298
2023-04-10 20:33:14,358,9549,285,598
2023-04-10 20:33:15,358,9549,285,5298
2023-04-10 20:33:17,358,9549,285,5298
2023-04-10 20:33:18,358,9549,285,5298
2023-04-10 20:33:19,358,9549,285,598
2023-04-10 20:33:20,358,9549,285,5298
2023-04-10 20:33:21,358,9549,285,5298
2023-04-10 20:33:23,358,9549,285,5298
2023-04-10 20:33:24,358,9549,285,52989
2023-04-10 20:33:26,358,9549,285,5298
2023-04-10 20:33:27,358,9549,285,5298
2023-04-10 20:33:28,358,9549,285,529
2023-04-10 20:33:30,358,9549,285,5298
2023-04-10 20:33:31,358,9549,285,5298
2023-04-10 20:33:32,358,9549,285,5298
2023-04-10 20:33:34,358,9549,285,5298
2023-04-10 20:33:35,358,9549,285,5298
2023-04-10 20:33:37,358,9549,285,5298
2023-04-10 20:33:38,358,9549,285,5298
2023-04-10 20:33:39,358,9549,285,5298
2023-04-10 20:33:41,358,9549,285,5298
2023-04-10 20:33:42,358,9549,285,5298
2023-04-10 20:33:44,358,9549,285,5298
2023-04-10 20:33:45,358,9549,285,5298
2023-04-10 20:33:46,358,9549,285,5298
2023-04-10 20:33:47,358,9549,285,5298
2023-04-10 20:37:56,358,9552,285,7541
2023-04-10 20:37:57,358,9554,285,7541
2023-04-10 20:37:58,358,9549,285,7550
2023-04-10 20:37:59,358,5337,285,7547
2023-04-10 20:38:00,358,5337,285,7547
2023-04-10 20:38:01,358,5336,285,5291
2023-04-10 20:38:02,358,5337,285,5298
2023-04-10 20:38:03,358,5334,285,5296
2023-04-10 20:38:04,358,9554,285,5293
2023-04-10 20:38:05,358,9549,285,5291
2023-04-10 20:38:06,358,9554,285,7547
2023-04-10 20:38:07,358,9549,285,7549
2023-04-10 20:38:08,358,9554,285,755
2023-04-10 20:38:09,358,5336,285,7541
2023-04-10 20:38:11,358,5334,285,7545
2023-04-10 20:38:12,358,5337,285,5294
2023-04-10 20:38:13,358,5336,285,5297
2023-04-10 20:38:14,358,5336,285,5294
2023-04-10 20:38:15,358,9549,285,5291
2023-04-10 20:38:16,358,9552,286,5273
2023-04-10 20:38:17,358,9552,286,7549
2023-04-10 20:38:18,358,9552,286,7545
2023-04-10 20:38:19,358,9552,285,7543
2023-04-10 20:38:20,358,5337,285,7539
2023-04-10 20:38:21,358,5334,285,7550
2023-04-10 20:38:22,358,5336,285,5294
2023-04-10 20:38:23,358,5334,285,5291
2023-04-10 20:38:24,358,5337,285,5291
2023-04-10 20:38:25,358,9549,286,5279
2023-04-10 20:38:26,358,9552,286,5279
2023-04-10 20:38:27,358,9549,286,7543
2023-04-10 20:38:28,358,9554,285,7541
2023-04-10 20:38:29,358,9552,285,7545
2023-04-10 20:38:30,358,5334,285,7549
2023-04-10 20:38:31,358,5337,285,7545
2023-04-10 20:38:32,358,5336,285,5291
2023-04-10 20:38:33,358,5336,285,5293
2023-04-10 20:38:34,358,53386,286,5279
2023-04-10 20:38:35,358,9554,286,5273
2023-04-10 20:38:36,358,9549,285,7545
2023-04-10 20:38:37,358,9554,285,7549
2023-04-10 20:38:38,358,9552,285,7547
2023-04-10 20:38:39,358,5334,285,7541
2023-04-10 20:38:40,358,5337,285,7541
2023-04-10 20:38:41,358,5334,285,5298
2023-04-10 20:38:42,358,5337,286,5277
2023-04-10 20:38:44,358,5336,286,5274
2023-04-10 20:38:44,358,9552,286,5273
2023-04-10 20:38:46,358,9549,285,5297
2023-04-10 20:38:47,358,9554,285,7547
2023-04-10 20:38:47,358,9552,285,7545
2023-04-10 20:38:49,358,9552,285,7541
2023-04-10 20:38:50,358,5337,285,7545
2023-04-10 20:38:50,358,5336,285,7549
2023-04-10 20:38:51,358,5336,286,52769
2023-04-10 20:38:52,358,5336,286,5273
2023-04-10 20:38:53,358,5336,286,5274
2023-04-10 20:38:54,358,9554,285,5298
2023-04-10 20:38:55,358,9549,285,5294
2023-04-10 20:38:57,358,9552,285,7541
2023-04-10 20:38:58,358,9549,285,7550
2023-04-10 20:39:00,358,5336,285,7550
2023-04-10 20:39:01,358,5337,286,5273
2023-04-10 20:39:02,8,5334,285,5273
2023-04-10 20:39:04,38,5336,285,5297
2023-04-10 20:39:06,0,9554,285,529
2023-04-10 23:06:08,358,9549,285,52091
2023-04-10 23:06:11,358,9549,285,529
2023-04-10 23:06:12,358,9549,285,529
2023-04-10 23:06:13,358,9549,285,52
2023-04-10 23:06:14,358,95449,285,5
2023-04-10 23:06:15,358,9549,285,5291
2023-04-10 23:06:16,358,9549,285,5291
2023-04-10 23:06:18,358,9549,285,5291
2023-04-10 23:06:20,358,9549,285,5291
2023-04-10 23:06:21,358,9549,285,5291
2023-04-10 23:06:22,358,9549,285,5291
2023-04-10 23:06:23,358,9549,285,5291
2023-04-10 23:06:24,358,9549,285,5291
2023-04-10 23:06:26,358,9549,285,5291
2023-04-10 23:06:27,358,9549,285,5291
2023-04-10 23:08:29,358,9549,285,5291
2023-04-10 23:08:30,358,9549,285,5291
2023-04-10 23:08:31,358,9549,285,5291
2023-04-10 23:08:32,358,9549,285,5291
2023-04-10 23:08:33,358,9549,285,5291
2023-04-10 23:08:34,358,9549,285,5291
2023-04-10 23:08:36,358,9549,285,5291
2023-04-10 23:08:37,358,9549,285,5291
2023-04-10 23:08:38,358,9549,285,5291
2023-04-10 23:08:39,358,9549,285,5291
2023-04-10 23:12:03,358,9549,285,5291
2023-04-10 23:12:06,358,9549,285,5291
2023-04-10 23:12:07,358,9549,285,5291
2023-04-10 23:12:08,358,9549,285,5291
2023-04-10 23:12:10,358,9549,285,5291
2023-04-10 23:12:11,358,9549,285,5291
2023-04-10 23:12:12,358,9549,285,5291
2023-04-10 23:12:13,358,9549,285,5291
2023-04-10 23:12:15,358,9549,285,5291
2023-04-10 23:12:16,258,9549,285,5291
2023-04-10 23:12:17,258,9549,285,5291
2023-04-10 23:12:18,358,9549,285,5291
2023-04-10 23:12:19,58,9549,285,5291
2023-04-10 23:12:21,258,9549,285,5291
2023-04-10 23:12:22,258,9549,285,5291
2023-04-10 23:12:23,258,9549,285,5291
2023-04-10 23:12:25,258,9549,285,5291
2023-04-10 23:12:27,358,9549,285,5291
2023-04-10 23:12:28,358,9549,285,5291
2023-04-10 23:12:29,358,9549,285,5291
2023-04-10 23:12:31,358,9549,285,5291
2023-04-10 23:12:32,358,9549,285,5291
2023-04-10 23:12:34,358,9549,285,5291
2023-04-10 23:12:35,358,9549,285,5291
2023-04-10 23:12:37,358,9549,285,529
2023-04-10 23:12:39,358,9549,285,529
2023-04-10 23:12:40,358,9549,285,529
2023-04-10 23:12:42,358,9549,285,529
2023-04-10 23:12:43,358,9549,285,529
2023-04-10 23:12:44,358,9549,285,529
2023-04-10 23:15:12,358,9549,285,5291
2023-04-10 23:15:13,358,9549,285,5291
2023-04-10 23:15:14,358,9549,285,5291
2023-04-10 23:15:15,58,9549,285,5291
2023-04-10 23:15:15,58,9549,285,5291
2023-04-10 23:15:16,58,9549,285,5291
2023-04-10 23:15:17,58,9549,285,5291
2023-04-10 23:15:19,8,9549,285,5291
2023-04-10 23:15:20,358,9549,285,5291
2023-04-10 23:15:21,358,9549,285,5291
2023-04-10 23:15:22,58,9549,285,5291
2023-04-10 23:15:23,8,9549,285,5291
2023-04-10 23:15:26,8,9549,285,5291
2023-04-10 23:15:27,8,9549,285,5291
2023-04-10 23:15:28,58,9549,285,5291
2023-04-10 23:15:29,358,9549,285,5291
2023-04-10 23:15:30,358,949,285,5291
2023-04-10 23:15:31,358,9549,285,5291
2023-04-10 23:18:58,358,5334,285,7550
2023-04-10 23:19:01,358,9549,286,5279
2023-04-10 23:19:03,358,9552,286,5276
2023-04-10 23:19:04,358,9549,286,7543
2023-04-10 23:19:05,358,9552,285,7545
2023-04-10 23:19:06,358,5334,285,7549
2023-04-10 23:19:07,358,5337,285,754
2023-04-10 23:19:08,358,5336,285,5291
2023-04-10 23:19:10,358,5336,286,5279
2023-04-10 23:19:12,358,9554,286,5273
2023-04-10 23:19:14,358,9549,285,7545
2023-04-10 23:19:15,358,9554,285,7549
2023-04-10 23:19:16,358,5334,285,7541
2023-04-10 23:19:17,358,5337,285,7541
2023-04-10 23:19:18,358,5334,285,5298
2023-04-10 23:19:19,358,5337,286,5277
2023-04-10 23:19:21,358,5336,286,5274
2023-04-10 23:19:22,358,9552,286,5273
2023-04-10 23:19:23,358,9549,285,5297
2023-04-10 23:19:25,358,9552,285,7545
2023-04-10 23:19:26,358,9552,285,7541
2023-04-10 23:19:28,358,5337,285,7545
2023-04-10 23:19:29,358,5336,286,527
2023-04-10 23:19:30,355,5336,285,527
2023-04-10 23:19:32,358,5336,286,5274
2023-04-10 23:19:33,358,9554,285,5298
2023-04-10 23:19:34,358,9554,285,7541
2023-04-10 23:19:36,358,5336,285,7550
2023-04-10 23:19:37,358,5337,286,5273
2023-04-10 23:19:38,358,5334,286,50273
2023-04-10 23:22:46,58,9552,285,7549
2023-04-10 23:22:48,0,9552,285,7545
2023-04-10 23:22:50,8,9554,285,5296
2023-04-10 23:22:51,8,554,285,7541
2023-04-10 23:22:52,8,9549,285,7550
2023-04-10 23:22:53,0,5337,285,7547
2023-04-10 23:22:54,8,5337,285,7541
2023-04-10 23:22:55,8,5336,285,5291
2023-04-10 23:22:56,8,5336,285,5291
2023-04-10 23:22:57,8,5334,285,598
2023-04-10 23:22:58,8,9554,285,5293
2023-04-10 23:22:59,58,9549,285,5291
2023-04-10 23:23:00,8,9554,285,7547
2023-04-10 23:23:02,8,9549,285,7549
2023-04-10 23:23:03,8,9554,285,7545
2023-04-10 23:23:04,0,5336,285,7541
2023-04-10 23:23:05,0,5334,285,7545
2023-04-10 23:23:06,58,5337,285,5294
2023-04-10 23:23:07,8,336,285,5297
2023-04-10 23:23:08,0,336,285,5294
2023-04-10 23:23:09,358,9549,285,5291
2023-04-10 23:23:10,358,9552,286,5273
2023-04-10 23:23:11,358,9552,286,7549
2023-04-10 23:23:12,358,9552,286,7545
2023-04-10 23:23:13,358,5337,285,7539
2023-04-10 23:23:14,358,5334,285,7550
2023-04-10 23:23:15,35,5334,285,7550
2023-04-10 23:23:16,358,5334,285,5291
2023-04-10 23:23:17,358,5337,285,5291
2023-04-10 23:23:18,358,9549,286,5279
2023-04-10 23:23:19,358,9558,286,527
2023-04-10 23:23:20,358,9552,286,5276
2023-04-10 23:23:21,358,9549,286,7543
2023-04-10 23:23:22,358,9554,285,7541
2023-04-10 23:23:23,358,5334,285,7549
2023-04-10 23:23:24,358,5337,285,7545
2023-04-10 23:23:26,358,5336,285,5291
2023-04-10 23:23:27,358,5336,285,5293
2023-04-10 23:23:28,358,5336,280,5279
2023-04-10 23:23:29,358,9554,286,5273
2023-04-10 23:23:30,358,9549,285,54
2023-04-10 23:23:32,358,9554,285,7549
2023-04-10 23:23:33,358,9552,285,7547
2023-04-10 23:23:34,358,5334,285,7541
2023-04-10 23:23:35,358,5337,285,7541
2023-04-10 23:23:36,358,5334,285,5298
2023-04-10 23:23:37,358,5337,286,5277
2023-04-10 23:23:39,358,9552,286,527
2023-04-10 23:23:40,358,9549,285,5297
2023-04-10 23:23:41,358,9552,285,7545
2023-04-10 23:23:42,358,9552,285,7541
2023-04-10 23:23:44,358,5337,285,7545
2023-04-10 23:23:45,8,536,285,7549
2023-04-10 23:23:46,358,5336,286,5273
2023-04-10 23:23:47,358,536,286,5274
2023-04-10 23:23:49,358,9554,285,298
2023-04-10 23:23:50,358,9549,285,5294
2023-04-10 23:23:51,358,9552,285,7541
2023-04-10 23:23:53,358,9554,285,7541
2023-04-10 23:23:54,358,9549,285,7550
2023-04-10 23:23:55,8,5336,285,7550
2023-04-10 23:23:56,358,5336,285,7545
2023-04-10 23:23:57,358,5337,286,5273
2023-04-10 23:23:58,8,5334,286,5273
2023-04-10 23:23:59,0,536,285,5297
2023-04-10 23:24:01,8,949,285,5296
2023-04-10 23:24:02,8,9552,285,7541
2023-04-10 23:24:03,8,9549,285,7547
2023-04-10 23:24:04,8,9552,285,7547
2023-04-10 23:24:06,0,56,285,7543
2023-04-10 23:24:07,6,,285,7541
2023-04-10 23:24:08,8,5334,285,5294
2023-04-10 23:24:09,8,5334,285,5294
2023-04-10 23:24:10,8,5337,285,5297
2023-04-10 23:24:11,58,9549,285,5291
2023-04-10 23:24:13,58,9552,285,5291
2023-04-10 23:24:14,358,9549,285,7545
2023-04-10 23:24:15,358,334,285,7549
2023-04-10 23:24:17,358,5334,286,5277
2023-04-10 23:24:18,8,5336,286,5273
2023-04-10 23:24:20,358,9552,285,5296
2023-04-10 23:24:21,358,9552,285,7543
2023-04-10 23:24:22,358,9554,285,7543
2023-04-10 23:24:23,358,9552,285,7545
2023-04-10 23:24:25,358,5334,286,5007543
2023-04-10 23:24:26,358,5337,286,5279
2023-04-10 23:24:28,8,36,285,5294
2023-04-10 23:24:29,58,9552,285,5294
2023-04-10 23:24:30,0,9554,285,5297
2023-04-10 23:24:33,358,952,286,754
2023-04-10 23:24:34,358,5334,286,7541
2023-04-10 23:24:37,358,5336,285,5296
2023-04-10 23:24:38,358,9558,285,5291
2023-04-10 23:24:39,358,9549,285,5297
2023-04-10 23:24:40,358,9557,285,7547
2023-04-10 23:24:42,358,9549,286,754
2023-04-10 23:24:43,358,9554,285,7543
2023-04-10 23:24:44,358,5334,285,7541
2023-04-10 23:24:45,358,5336,285,297
2023-04-10 23:24:46,358,5336,285,5293
2023-04-10 23:24:48,8,5336,285,5293
2023-04-10 23:24:49,5,954,285,529
2023-04-10 23:39:58,358,5334,285,5291
2023-04-10 23:40:00,358,5339,285,5291
2023-04-10 23:40:01,358,53349,285,5291
2023-04-10 23:40:02,358,5334,285,5291
2023-04-10 23:40:04,358,5334,285,5291
2023-04-10 23:40:05,358,5339,285,5291
2023-04-10 23:40:06,358,5339,285,5291
2023-04-10 23:40:08,358,5339,285,5291
2023-04-10 23:40:09,358,5334,285,5291
2023-04-10 23:40:10,358,53394,285,5291
2023-04-10 23:40:11,358,53394,285,5291
2023-04-10 23:40:12,358,5334,285,5291
2023-04-10 23:40:13,358,5334,285,5291
2023-04-10 23:40:14,55,5334,285,
2023-04-10 23:40:17,358,5334,285,0
2023-04-10 23:40:22,358,53394,285,5291
2023-04-10 23:40:23,358,53349,285,5291
2023-04-10 23:40:24,358,5339,285,5291
2023-04-10 23:40:25,358,5334,285,5291
2023-04-10 23:40:26,358,53394,285,5291
2023-04-10 23:40:28,358,5339,285,5291
2023-04-10 23:40:29,358,5334,285,5291
2023-04-10 23:40:30,358,53394,285,5291
2023-04-10 23:40:31,358,5334,285,5291
2023-04-10 23:44:14,358,339,285,529
2023-04-10 23:44:15,358,5339,285,5291
2023-04-10 23:44:16,358,53349,285,5291
2023-04-10 23:44:19,358,5339,285,529
2023-04-10 23:44:22,358,5339,285,5291
2023-04-10 23:47:14,358,9554,285,7545
2023-04-10 23:47:17,358,5334,285,7545
2023-04-10 23:47:18,358,5334,285,7545
2023-04-10 23:47:19,358,5337,285,5294
2023-04-10 23:47:21,358,5336,285,5297
2023-04-10 23:47:22,358,5336,285,5297
2023-04-10 23:47:23,358,5336,285,5297
2023-04-10 23:47:24,358,5336,285,5294
2023-04-10 23:47:25,358,5336,285,5294
2023-04-10 23:47:27,358,5336,285,5294
2023-04-10 23:47:29,358,9549,285,5291
2023-04-10 23:47:30,358,9552,285,527
2023-04-10 23:47:31,358,9552,286,527
2023-04-10 23:47:32,358,9552,286,7549
2023-04-10 23:47:34,58,9552,285,754
2023-04-10 23:47:37,358,9552,285,7543
2023-04-10 23:47:38,358,9552,285,7543
2023-04-10 23:47:39,358,5337,285,7539
2023-04-10 23:47:40,358,5337,285,7539
2023-04-10 23:47:41,358,5337,285,75
2023-04-10 23:47:42,358,5334,285,755
2023-04-10 23:49:56,358,9554,285,7541
2023-04-10 23:49:57,358,9554,285,7541
2023-04-10 23:49:58,358,9554,285,7541
2023-04-10 23:49:59,358,9554,285,7541
2023-04-10 23:50:00,358,9554,285,7541
2023-04-10 23:50:01,358,9554,285,7541
2023-04-10 23:50:04,358,9554,285,7541
2023-04-10 23:50:05,358,9554,285,7541
2023-04-10 23:50:06,358,9554,285,7541
2023-04-10 23:50:07,358,9554,285,7541
2023-04-10 23:50:08,358,9554,285,7541
2023-04-10 23:50:09,358,9554,285,7541
2023-04-10 23:50:10,358,9554,285,7541
2023-04-10 23:50:12,358,9554,285,75
2023-04-10 23:50:13,358,9554,285,7541
2023-04-10 23:50:14,358,4,285,754
2023-04-10 23:50:15,358,9554,285,754
2023-04-10 23:50:16,358,9554,285,7
2023-04-10 23:50:18,358,9554,285,7
2023-04-10 23:50:19,358,9554,285,7541
2023-04-10 23:50:20,358,9554,285,7541
2023-04-10 23:50:21,358,9554,285,7541
2023-04-10 23:50:22,358,9554,285,7541
2023-04-10 23:50:24,358,9554,285,7541
2023-04-10 23:50:25,358,9554,285,7541
2023-04-10 23:50:26,358,9554,285,7541
2023-04-10 23:50:27,358,9549,285,7550
2023-04-10 23:50:29,358,5337,285,7547
2023-04-10 23:50:30,358,5337,285,7541
2023-04-10 23:53:25,358,5337,285,5298
2023-04-10 23:53:28,88,334,286,5296
2023-04-10 23:53:29,358,5334,285,5296
2023-04-10 23:53:30,358,5334,285,5296
2023-04-10 23:53:31,358,9554,285,5293
2023-04-10 23:53:32,358,9554,285,529
2023-04-10 23:53:33,358,9554,285,59
2023-04-10 23:53:35,358,9554,285,7547
2023-04-10 23:53:37,358,9549,285,7549
2023-04-10 23:53:38,358,9549,285,7549
2023-04-10 23:53:39,358,9554,285,7545
2023-04-10 23:53:40,35,9554,285,7549
2023-04-10 23:53:41,358,9554,285,7545
2023-04-10 23:53:42,358,5336,285,7541
2023-04-10 23:53:44,358,5336,285,7541
2023-04-10 23:53:45,358,5334,285,7545
2023-04-10 23:53:46,358,5337,285,5294
2023-04-10 23:53:47,358,5336,285,5297
2023-04-10 23:53:49,358,5336,285,5294
2023-04-10 23:53:50,358,9549,285,5291
2023-04-10 23:53:52,358,9549,285,5291
2023-04-10 23:53:53,358,9552,286,5273
2023-04-10 23:53:54,358,9552,286,7549
2023-04-10 23:53:55,358,9552,286,7549
2023-04-10 23:53:56,358,9552,286,7545
2023-04-10 23:53:57,358,9552,285,7543
2023-04-10 23:53:58,358,9552,285,7543
2023-04-10 23:53:59,358,5337,285,7539
2023-04-10 23:54:01,358,5334,285,7550
2023-04-10 23:54:02,358,5334,285,7550
2023-04-10 23:54:03,358,5336,285,5294
2023-04-10 23:57:44,358,5336,285,591
2023-04-10 23:57:47,358,9549,285,5291
2023-04-10 23:57:49,358,9554,285,7547
2023-04-10 23:57:50,358,9549,285,7549
2023-04-10 23:57:51,358,9554,285,7545
2023-04-10 23:57:52,358,5339,285,754
2023-04-10 23:57:53,358,5334,285,55
2023-04-10 23:57:54,358,5337,285,5294
2023-04-10 23:57:55,358,336,285,5297
2023-04-10 23:57:56,358,5336,285,5299
2023-04-10 23:57:57,358,9549,285,5291
2023-04-10 23:57:58,358,9552,286,5273
2023-04-10 23:57:59,58,9552,285,7545
2023-04-10 23:58:01,8,9552,285,7543
2023-04-10 23:58:02,0,5337,285,7539
2023-04-10 23:58:03,58,5334,285,7550
2023-04-10 23:58:04,8,336,285,5294
2023-04-10 23:58:05,0,4,285,529
2023-04-11 00:08:57,358,5334,285,5296
2023-04-11 00:09:01,358,9549,285,7549
2023-04-11 00:09:12,358,5336,285,529
2023-04-11 00:09:41,2,505,280,
2023-04-11 00:09:44,258,5336,286,5
2023-04-11 00:09:45,358,9549,285,0
2023-04-11 00:09:46,358,9554,285,0
2023-04-11 00:09:48,358,9552,285,7
2023-04-11 00:11:52,358,9549,285,5298
2023-04-11 00:11:54,358,9549,285,5298
2023-04-11 00:11:55,358,9549,285,5298
2023-04-11 00:11:56,358,9549,285,5298
2023-04-11 00:11:57,358,9549,285,5298
2023-04-11 00:11:59,358,9549,285,5298
2023-04-11 00:12:00,358,9549,285,5298
2023-04-11 00:12:01,258,9549,285,5298
2023-04-11 00:12:02,358,9549,285,5298
2023-04-11 00:12:04,358,9549,285,5298
2023-04-11 00:12:05,358,90554,285,5296
2023-04-11 00:12:06,358,9552,285,7541
2023-04-11 00:12:07,358,9554,285,7541
2023-04-11 00:12:09,358,9549,285,7550
2023-04-11 00:12:10,358,5337,285,7541
2023-04-11 00:12:11,358,5336,285,5291
2023-04-11 00:12:17,358,5337,285,5298
2023-04-11 00:12:18,358,5337,285,5298
2023-04-11 00:12:19,358,5337,285,5298
2023-04-11 00:12:21,358,9554,285,5293
2023-04-11 00:12:25,358,9554,285,5293
2023-04-11 00:12:26,358,9554,285,7547
2023-04-11 00:12:28,358,9549,285,7549
2023-04-11 00:12:29,358,5336,285,7541
2023-04-11 00:12:32,358,5336,285,7541
2023-04-11 00:12:33,358,5334,285,7545
2023-04-11 00:12:34,358,5337,285,50294
2023-04-11 00:12:36,358,5336,285,50297
2023-04-11 00:12:37,358,5336,285,5294
2023-04-11 00:12:38,358,5336,285,5294
2023-04-11 15:02:37,358,9552,286,5276
2023-04-11 15:02:40,8358,9552,285,747
2023-04-11 15:02:42,358,5334,285,7541
2023-04-11 15:02:43,258,5334,285,5298
2023-04-11 15:02:45,358,5337,286,5277
2023-04-11 15:02:47,8358,9552,286,527
2023-04-11 15:02:48,8358,9549,285,5297
2023-04-11 15:02:50,38,9552,285,7541
2023-04-11 15:02:52,358,337,286,749
2023-04-11 15:02:54,8358,5336,286,5276
2023-04-11 15:02:56,8258,5336,286,527
2023-04-11 15:02:58,8358,5336,286,527
2023-04-11 15:03:03,358,9554,285,7541
2023-04-11 15:03:06,358,9554,285,7541
2023-04-11 15:03:07,358,5337,286,527
2023-04-11 15:03:09,258,9549,285,5296
2023-04-11 15:03:10,838,9552,286,7547
2023-04-11 15:03:12,8358,5336,286,754
2023-04-11 15:03:14,8358,5334,285,5294
2023-04-11 15:03:15,358,5336,285,5294
2023-04-11 15:03:17,358,9549,285,521
2023-04-11 15:03:18,838,9554,285,7550
2023-04-11 15:03:20,8358,9549,285,754
2023-04-11 15:03:21,8358,5334,285,7541
2023-04-11 15:03:23,8358,5337,286,750
2023-04-11 15:03:25,8358,5336,286,527
2023-04-11 15:03:26,358,9554,285,5296
2023-04-11 15:03:28,358,9552,285,5296
2023-04-11 15:03:29,358,9554,285,7549
2023-04-11 15:03:31,358,9552,285,754
2023-04-11 15:03:33,358,5334,286,754
2023-04-11 15:03:35,358,5336,285,5294
2023-04-11 15:03:36,358,9552,285,294
2023-04-11 15:03:38,358,9554,285,5291
2023-04-11 15:03:39,358,9552,285,7550
2023-04-11 15:03:41,8358,9552,286,754
2023-04-11 15:03:42,358,5334,286,754
2023-04-11 15:03:44,8358,5336,285,597
2023-04-11 15:03:45,358,5336,285,529
2023-04-11 15:10:18,8358,5334,285,591
2023-04-11 15:10:20,38,9949,286,529
2023-04-11 15:10:21,358,9552,286,5276
2023-04-11 15:10:23,358,9554,285,7541
2023-04-11 15:10:24,358,9994,286,754
2023-04-11 15:10:26,358,337,285,74
2023-04-11 15:10:27,358,5336,285,52
2023-04-11 15:10:30,35,80533,286,527
2023-04-11 15:10:32,358,9549,285,7549
2023-04-11 15:10:33,358,9549,285,7549
2023-04-11 15:10:35,358,5334,285,7541
2023-04-11 15:10:37,358,5334,285,52988
2023-04-11 15:10:38,358,5337,286,5277
2023-04-11 15:10:40,358,9952,286,527
2023-04-11 15:10:41,358,9549,285,5297
2023-04-11 15:10:43,358,952,285,7549
2023-04-11 15:10:45,358,5337,285,7549
2023-04-11 15:10:59,88,9999,286,5297
2023-04-11 15:11:00,838,949,286,526
2023-04-11 15:11:01,8358,9554,285,529
2023-04-11 15:11:03,358,9549,285,7547
2023-04-11 15:11:05,8358,5336,286,7543
2023-04-11 15:11:06,358,5334,285,5294
2023-04-11 15:11:08,8358,337,285,5297
2023-04-11 15:11:10,358,9549,285,5291
2023-04-11 15:11:11,8358,9552,285,5291
2023-04-11 15:11:13,28,49,285,7549
2023-04-11 15:11:15,358,5337,286,754
2023-04-11 15:11:17,8358,5334,286,5277
2023-04-11 15:11:18,8358,5336,286,529
2023-04-11 15:11:21,38,94,286,96
2023-04-11 15:11:23,358,9554,285,754
2023-04-11 15:11:24,358,952,285,7549
2023-04-11 15:11:26,8358,334,286,754
2023-04-17 13:55:11,0,552,286,527
2023-04-17 13:55:15,8,52,286,57
2023-04-17 13:55:17,0,2,280,741
2023-04-17 13:55:18,0,5336,285,7549
2023-04-17 13:55:20,8,336,286,5276
2023-04-17 13:55:21,0,336,286,527
2023-04-17 13:55:25,58,336,286,5274
2023-04-17 13:55:30,8,5336,286,5274
2023-04-17 13:55:33,8,999,285,55
2023-04-17 13:55:37,0,334,286,527
2023-04-17 13:55:43,8,9552,285,7541
2023-04-17 13:55:48,0,5336,286,754
2023-04-17 13:55:52,388,4,286,75
2023-04-17 13:55:58,358,5334,286,5277
2023-04-17 13:56:01,358,9554,285,5296
2023-04-17 13:56:08,38,92,286,294
2023-04-17 13:56:10,358,9554,285,5291
2023-04-17 13:56:18,58,5334,286,7541
2023-04-17 14:21:27,38,5337,280,28
2023-04-17 14:21:36,358,5337,285,75
2023-04-17 14:21:42,358,5336,285,5294
2023-04-17 14:21:48,358,5334,285,7549
2023-04-17 14:21:50,358,49,285,754
2023-04-17 14:21:55,358,9552,285,754
2023-04-17 14:21:57,3,5336,285,7545
2023-04-17 14:22:10,358,5337,286,527
2023-04-17 14:22:11,358,9554,285,5296
2023-04-17 14:22:13,358,9552,285,7541
2023-04-17 14:22:15,358,9552,286,7547
2023-04-17 14:22:17,838,3368,286,754
2023-04-17 14:22:24,8358,5334,285,5294
2023-04-17 14:26:58,358,5338,286,7541
2023-04-17 14:27:05,358,9549,285,5291
2023-04-17 14:27:10,358,334,285,7549
2023-04-17 14:27:12,8358,952,285,7549
2023-04-17 14:27:13,8358,5334,285,5291
2023-04-17 14:27:16,358,9549,286,5279
2023-04-17 14:27:18,358,9552,285,7549
2023-04-17 14:27:31,358,5337,285,754
2023-04-17 14:27:44,358,5336,285,5293
2023-04-17 14:37:41,2358,9549,285,5291
2023-04-17 14:37:43,258,9549,285,5291
2023-04-17 14:37:44,358,9549,285,5291
2023-04-17 14:37:46,8358,9549,285,5291
2023-04-17 14:37:47,58,9549,285,5291
2023-04-17 14:37:49,258,9549,285,5291
2023-04-17 14:37:50,258,9549,285,5291
2023-04-17 14:37:52,35,949,288,1
2023-04-17 14:37:54,358,9554,285,754
2023-04-17 14:37:56,58,9554,285,75470
2023-04-17 14:38:01,258,9554,285,7545
2023-04-17 14:38:06,358,5334,285,754
2023-04-17 14:38:11,358,9549,285,5291
2023-04-17 14:38:18,258,9552,286,5276
2023-04-17 14:41:00,35,805336,285,5
2023-04-17 14:43:22,58,5336,285,754
2023-04-17 14:43:30,358,5336,285,754
2023-04-17 14:43:35,358,5336,285,7549
2023-04-17 14:43:43,0,5336,285,7549
2023-04-17 14:43:45,0,5336,285,7
2023-04-17 14:43:49,3,36,285,7540
2023-04-17 14:43:50,3,6,285,74
2023-04-17 14:43:52,3,36,285,7549
2023-04-17 14:52:24,358,5336,285,7549
2023-04-17 14:52:25,3,580533,285,754
2023-04-17 14:52:27,358,5336,285,754
2023-04-17 14:52:29,358,5336,285,754
2023-04-17 14:52:30,358,5336,285,754
2023-04-17 14:52:32,285,56,280,749
2023-04-17 14:52:34,358,5336,285,754
2023-04-17 14:52:35,35,5336,285,7
2023-04-17 14:52:37,358,336,285,7549
2023-04-17 14:52:38,358,5336,285,754
2023-04-17 14:52:40,358,5336,285,7549
2023-04-17 14:52:42,358,5336,285,7540
2023-04-17 14:52:43,358,5336,285,7549
2023-04-17 14:52:45,358,5336,285,7549
2023-04-17 14:52:46,358,5336,285,754
2023-04-17 14:52:47,8358,5336,285,7549
2023-04-17 14:52:49,358,5336,285,7549
2023-04-17 14:52:50,358,5336,285,7549
2023-04-17 14:52:51,38,8033,286,754
2023-04-17 14:52:53,358,5336,285,7549
2023-04-17 14:52:58,358,336,285,7549
2023-04-17 14:53:03,38,5336,285,749
2023-04-17 14:53:10,358,5336,285,7549
2023-04-17 14:53:20,358,5336,285,7549
2023-04-18 13:12:54,358,7,285,758
2023-04-18 13:12:56,358,5336,285,99
2023-04-18 13:12:58,358,337,285,591
2023-04-18 13:13:00,358,552,286,52
2023-04-18 13:13:02,358,9554,285,7541
2023-04-18 13:13:04,358,334,285,7
2023-04-18 13:13:05,358,5337,285,7545
2023-04-18 13:13:07,58,336,285,529
2023-04-18 13:13:08,358,336,286,599
2023-04-18 13:13:10,258,54,286,527
2023-04-18 13:13:11,358,9549,285,749
2023-04-18 13:13:13,3,80055,285,7547
2023-04-18 13:13:14,358,9552,285,747
2023-04-18 13:13:16,358,5334,285,588
2023-04-18 13:13:17,358,337,286,5277
2023-04-18 13:13:19,58,52,286,7
2023-04-18 13:13:20,358,49,285,5297
2023-04-18 13:13:22,358,9552,285,749
2023-04-18 13:13:23,358,952,285,7541
2023-04-18 13:13:25,358,336,285,7549
2023-04-18 13:13:27,358,5336,286,527
2023-04-18 13:13:29,358,9554,285,98
2023-04-18 13:13:30,358,9549,285,594
2023-04-18 13:13:32,38,4,286,41
2023-04-18 13:13:33,88,336,80,8
2023-04-18 13:13:35,358,5336,286,754
2023-04-18 13:13:37,358,334,286,573
2023-04-18 13:13:38,358,336,286,597
2023-04-18 13:13:40,358,94,285,529
2023-04-18 13:13:41,358,92,285,7541
2023-04-18 13:13:43,358,9552,286,7547
2023-04-18 13:13:44,358,92,286,7547
2023-04-18 13:13:46,358,334,280,594
2023-04-18 13:13:47,358,5337,285,597
2023-04-18 13:13:48,358,5338,285,5294
2023-04-18 13:19:31,358,9549,285,5291
2023-04-18 13:19:33,358,9554,285,7547
2023-04-18 13:19:34,358,9549,285,7549
2023-04-18 13:19:36,358,5336,285,7541
2023-04-18 13:19:37,358,5337,285,5294
2023-04-18 13:19:39,358,5336,285,5297
2023-04-18 13:19:40,358,9549,285,5291
2023-04-18 13:19:42,358,9552,286,5273
2023-04-18 13:19:43,358,952,286,754
2023-04-18 13:19:45,358,9552,285,7543
2023-04-18 13:19:46,358,5334,285,755
2023-04-18 13:19:47,358,5336,285,5294
2023-04-18 13:19:49,358,5337,285,529
2023-04-18 13:19:50,358,9549,286,5279
2023-04-18 13:19:52,358,9549,286,7543
2023-04-18 13:19:53,358,9554,285,7541
2023-04-18 13:19:55,358,9552,285,7549
2023-04-18 13:19:56,35,80533,2850,75
2023-04-18 13:19:57,358,5336,285,5291
2023-04-18 13:19:59,358,5336,286,527
2023-04-18 13:20:02,358,5336,286,5279
2023-04-18 15:09:28,358,5337,285,5294
2023-04-18 15:09:30,358,9549,285,5291
2023-04-18 15:09:32,358,9552,286,523
2023-04-18 15:09:34,358,9552,286,7549
2023-04-18 15:09:36,358,5337,285,7538
2023-04-18 15:09:38,358,5336,285,5294
2023-04-18 15:09:40,358,5337,280,529
2023-04-18 15:09:41,358,9549,286,5276
2023-04-18 15:09:43,358,9549,286,754
2023-04-18 15:09:44,358,9554,285,7541
2023-04-18 15:09:46,358,5334,285,7549
2023-04-18 15:09:47,358,5334,285,7549
2023-04-18 15:09:49,358,5336,285,529
2023-04-18 15:09:50,358,9552,286,5276
2023-04-18 15:09:52,358,9554,286,527
2023-04-18 15:09:53,358,9549,285,7545
2023-04-18 15:09:55,358,9552,285,7547
2023-04-18 15:09:56,358,5334,285,7541
2023-04-18 15:09:58,358,5334,285,52988
2023-04-18 15:09:59,358,5337,286,5277
2023-04-18 15:10:00,258,9552,286,527
2023-04-18 15:10:03,358,9549,285,5297
2023-04-18 15:10:04,358,9552,285,7541
2023-04-18 15:10:06,358,5337,285,7549
2023-04-18 15:10:07,358,5336,286,576
2023-04-18 15:10:09,358,5336,286,527
2023-04-18 15:10:10,358,5336,286,5274
2023-04-18 15:10:12,358,9549,285,5294
2023-04-18 15:10:13,358,9552,285,7541
2023-04-18 15:10:15,358,9554,285,7541
2023-04-18 15:10:17,358,5336,286,754
2023-04-18 15:10:18,358,5334,286,527
2023-04-18 15:13:09,358,9552,286,754
2023-04-18 15:13:11,358,9552,285,754
2023-04-18 15:13:12,358,5334,285,7550
2023-04-18 15:13:14,358,5336,285,5294
2023-04-18 15:13:15,358,5337,285,5291
2023-04-18 15:13:17,358,9549,286,527
2023-04-18 15:13:18,358,9552,286,5276
2023-04-18 15:13:19,358,9554,285,754
2023-04-18 15:13:22,358,9552,285,7546
2023-04-18 15:13:23,358,5337,285,7546
2023-04-18 15:13:24,358,5336,285,52
2023-04-18 15:13:26,68,56,286,79
2023-04-18 15:13:27,358,9552,286,5276
2023-04-18 15:13:28,358,9549,285,754
2023-04-18 15:13:30,358,9554,285,7549
2023-04-18 15:13:31,358,5334,285,7541
2023-04-18 15:13:33,358,5337,285,754
2023-04-18 15:13:34,258,5334,285,5298
2023-04-18 15:13:35,358,5336,286,5274
2023-04-18 15:13:37,358,9552,286,5278
2023-04-18 15:13:38,358,9549,285,5297
2023-04-18 15:13:39,358,9552,285,7549
2023-04-18 15:13:41,358,9552,285,7541
2023-04-18 15:13:42,358,5336,280,7549
2023-04-18 15:13:43,28,536,286,5276
2023-04-18 15:13:45,258,5336,286,527
2023-04-18 15:13:46,358,5336,286,5274
2023-04-18 15:13:47,358,9549,285,5294
2023-04-18 15:13:49,38,552,286,741
2023-04-23 13:18:44,358,9554,285,7541
2023-04-23 13:18:46,358,9554,285,7541
2023-04-23 13:18:48,358,9554,285,7541
2023-04-23 13:18:50,358,9554,285,7541
2023-04-23 13:18:51,358,9554,285,7541
2023-04-23 13:18:52,358,9554,285,7541
2023-04-23 13:18:54,358,9554,285,7541
2023-04-23 13:18:55,358,9554,285,7541
2023-04-23 13:18:56,358,9554,285,7541
2023-04-23 13:18:57,358,9554,285,7541
2023-04-23 13:18:59,358,9554,285,7541
2023-04-23 13:19:00,358,9554,285,7541
2023-04-23 13:19:01,358,9554,285,7541
2023-04-23 13:19:03,358,9554,285,7541
2023-04-23 13:19:05,358,5334,285,7549
2023-04-23 13:19:06,358,5338,285,7545
2023-04-23 13:19:09,358,5336,286,5279
2023-04-23 13:19:11,358,9554,286,5273
2023-04-23 13:19:12,358,9554,285,7549
2023-04-23 13:19:13,358,9552,285,7547
2023-04-23 13:19:15,358,5337,285,7541
2023-04-23 13:19:17,358,5337,286,5277
2023-04-23 13:19:20,358,9549,285,529
2023-04-23 13:19:23,358,9552,285,7541
2023-04-23 13:19:24,358,5337,285,7545
2023-04-23 13:19:26,358,5336,285,7549
2023-04-23 13:19:27,358,5336,285,0
2023-04-23 13:19:29,358,5336,285,0
2023-04-23 13:19:30,358,5336,285,0
2023-04-23 13:19:33,258,9549,285,7550
2023-04-23 13:19:36,358,5337,286,5273
2023-04-23 13:19:37,358,5334,286,5273
2023-04-23 13:19:38,358,5336,285,5297
2023-04-23 13:19:39,358,9554,285,5293
2023-04-23 13:19:41,358,9552,285,7541
2023-04-23 13:19:42,358,9549,285,7547
2023-04-23 13:19:43,358,5352,286,7543
2023-04-23 13:19:45,358,5336,286,7541
2023-04-23 13:19:46,358,5334,285,5294
2023-04-23 13:19:47,358,5337,285,5297
2023-04-23 13:19:49,358,9549,285,529
Err:510,,,,
2023-04-26 10:08:53,358,5336,285,5293
2023-04-26 10:08:53,358,5336,285,5293
2023-04-26 10:08:54,358,5336,285,529
2023-04-26 10:08:54,358,336,280,2
2023-04-26 10:08:55,358,5336,285,529
2023-04-26 10:08:55,358,5336,285,5293
2023-04-26 10:08:56,358,5336,285,5293
2023-04-26 10:08:58,358,5336,285,5293
2023-04-26 10:08:59,358,336,285,529
2023-04-26 10:09:00,358,5336,285,523
2023-04-26 10:09:00,358,5336,285,5291
2023-04-26 10:09:01,358,336,286,529
2023-04-26 10:09:01,358,5336,285,529
2023-04-26 10:09:02,358,336,285,6052
2023-04-26 10:09:03,358,336,2886,5293
2023-04-26 10:09:03,358,5336,285,52
2023-04-26 10:09:04,358,5336,285,52
2023-04-26 10:09:05,358,5336,285,52
2023-04-26 10:09:07,358,5336,285,52
2023-04-26 10:09:09,358,5336,285,52
2023-04-26 10:09:11,358,336,286,52
2023-04-26 10:09:12,358,5336,285,52
2023-04-26 10:09:12,3580533,68,285,529
2023-04-26 10:09:13,358,5336,285,52
2023-04-26 10:09:14,358,5336,285,52
2023-04-26 10:09:14,358,5336,285,52
2023-04-26 10:09:15,358,5336,285,6052
2023-04-26 10:09:16,358,5336,285,52
2023-04-26 10:09:16,358,5336,285,52
2023-04-26 10:13:11,888,336,280,98
2023-04-26 10:13:11,8,8003,280,98
2023-04-26 10:13:12,88,36,280,9
2023-04-26 10:13:13,258,5336,285,528
2023-04-26 10:13:13,258,5336,285,5298
2023-04-26 10:13:14,58,5336,285,5288
2023-04-26 10:13:15,58,536,285,529
2023-04-26 10:13:16,58,336,285,98
2023-04-26 10:13:17,858,336,285,9
2023-04-26 10:13:17,858,5336,285,5298
2023-04-26 10:13:20,58,5336,285,5298
2023-04-26 10:13:21,258,5336,285,5298
2023-04-26 10:13:22,858,336,285,5298
2023-04-26 10:13:23,8,36,286,9
2023-04-26 10:13:24,28,336,280,98
2023-04-26 10:13:24,358,5336,285,5298
2023-04-26 10:13:25,358,5336,285,5298
2023-04-26 10:13:26,5,36,,0
2023-04-26 10:13:27,28,36,286,598
2023-04-26 10:13:28,28,36,285,5298
2023-04-26 10:13:29,58,5336,285,529
2023-04-26 10:13:29,258,5336,285,5298
2023-04-26 10:13:30,258,5336,285,529
2023-04-26 10:13:31,258,5336,285,5298
2023-04-26 10:13:31,858,5336,285,5998
2023-04-26 10:13:32,358,5336,285,5298
2023-04-26 10:13:32,58,5336,285,5298
2023-04-26 10:13:33,358,5336,285,529
2023-04-26 10:13:34,88,6,285,98
2023-04-26 10:13:34,8,5336,285,5288
2023-04-26 10:13:36,858,5336,285,98
2023-04-26 10:13:37,358,5336,285,5298
2023-04-26 10:13:37,58,5336,285,52988
2023-04-26 10:13:38,58,5336,285,5298
2023-04-26 10:13:38,888,336,286,2988
2023-04-26 10:13:39,58,5336,285,5298
2023-04-26 10:13:40,358,536,285,5298
2023-04-26 10:13:41,358,5336,285,5298
2023-04-26 10:13:42,58,5336,285,5298
2023-04-26 10:16:50,35,805336,285,5293
2023-04-26 10:16:51,35,805336,285,5293
2023-04-26 10:16:52,358,5336,285,5293
2023-04-26 10:16:53,358,5336,285,5293
2023-04-26 10:16:54,35,805336,285,529
2023-04-26 10:16:55,38,5336,285,5293
2023-04-26 10:16:56,358,5336,285,5293
2023-04-26 10:16:57,38,5336,285,5293
2023-04-26 10:16:58,358,5336,285,529
2023-04-26 10:16:58,358,5336,285,5293
2023-04-26 10:16:59,358,5336,285,5293
2023-04-26 10:17:00,358,5336,285,5293
2023-04-26 10:17:01,38,336,285,5293
2023-04-26 10:17:03,358,5336,285,5293
2023-04-26 10:17:04,38,5336,285,5293
2023-04-26 10:17:06,358,5336,285,5293
2023-04-26 10:20:48,358,5336,285,59
2023-04-26 10:20:49,358,336,286,59
2023-04-26 10:20:50,358,5336,285,529
2023-04-26 10:20:50,358,5336,285,5293
2023-04-26 10:20:51,358,5336,285,529
2023-04-26 10:20:53,358,5336,285,5293
2023-04-26 10:20:54,358,5336,285,5293
2023-04-26 10:20:55,358,5336,285,529
2023-04-26 10:20:56,358,5336,285,9
2023-04-26 10:20:57,358,5336,285,59
2023-04-26 10:20:58,358,5336,285,523
2023-04-26 10:20:59,358,5336,285,5293
2023-04-26 10:21:05,358,5336,285,529
2023-08-25 23:29:06,358,5337,285,7541
2023-08-25 23:29:07,358,5336,285,5291
2023-08-25 23:29:08,358,5337,285,5298
2023-08-25 23:29:09,358,5337,285,5298
2023-08-25 23:29:09,358,5334,285,5296
2023-08-25 23:29:10,358,9994,285,5296
2023-08-25 23:29:11,358,9554,285,5293
2023-08-25 23:29:11,358,9549,285,5291
2023-08-25 23:29:12,358,9549,285,5291
2023-08-25 23:29:13,358,9554,285,7547
2023-08-25 23:29:13,358,9549,285,7549
2023-08-25 23:29:14,358,9549,285,7549
2023-08-25 23:29:14,358,9554,285,7545
2023-08-25 23:29:15,358,9554,285,7545
2023-08-25 23:29:15,358,5336,285,7541
2023-08-25 23:29:16,358,5334,285,7545
2023-08-25 23:29:17,358,5334,285,7545
2023-08-25 23:29:17,358,5337,285,5294
2023-08-25 23:29:18,358,5336,285,5297
2023-08-25 23:29:19,358,5336,285,5297
2023-08-25 23:29:20,358,5336,285,5294
2023-08-25 23:29:20,358,9549,285,5291
2023-08-25 23:29:21,358,9552,285,5293
2023-08-25 23:29:22,358,9552,286,5273
2023-08-25 23:29:23,358,9552,286,7549
2023-08-25 23:29:23,358,9552,286,7545
2023-08-25 23:29:24,358,9552,286,7545
2023-08-25 23:29:25,358,9552,285,7543
2023-08-25 23:29:25,358,5337,285,7539
2023-08-25 23:29:26,358,5337,285,7539
2023-08-25 23:29:27,358,5334,285,7550
2023-08-25 23:29:27,358,5336,285,5294
2023-08-25 23:29:28,358,5334,285,5291
2023-08-25 23:29:29,358,5337,285,5291
2023-08-25 23:29:30,358,5337,285,5291
2023-08-25 23:29:31,358,9549,286,5279
2023-08-25 23:29:32,358,9552,286,5276
2023-08-25 23:29:32,358,9549,286,7543
2023-08-25 23:29:33,358,9554,285,7541
2023-08-25 23:29:34,358,9554,285,7541
2023-08-25 23:29:34,358,9552,285,7545
2023-08-25 23:29:35,358,9552,285,7545
2023-08-25 23:29:36,358,5334,285,7549
2023-08-25 23:29:36,358,5337,285,7545
2023-08-25 23:31:29,358,5337,285,5298
2023-08-25 23:31:31,358,5334,285,5296
2023-08-25 23:31:32,3580,95549,285,5293
2023-08-25 23:31:33,358,9549,285,5291
2023-08-25 23:31:34,358,9554,285,7547
2023-08-25 23:31:35,358,9549,285,7549
2023-08-25 23:31:36,358,9554,285,7545
2023-08-25 23:31:37,358,5334,285,7545
2023-08-25 23:31:38,358,5337,285,5294
2023-08-25 23:31:39,358,5336,285,5297
2023-08-25 23:31:40,358,5336,285,5294
2023-08-25 23:31:42,358,9549,285,5291
2023-08-25 23:31:43,358,9552,286,5273
2023-08-25 23:31:44,358,9552,286,7549
2023-08-25 23:31:44,358,9552,286,7545
2023-08-25 23:31:45,358,9552,286,7545
2023-08-25 23:31:46,358,9552,285,7543
2023-08-25 23:31:47,358,5337,285,7539
2023-08-25 23:31:48,358,5334,285,7550
2023-08-25 23:31:49,358,5336,285,5294
2023-08-25 23:31:50,358,5334,285,5291
2023-08-25 23:31:50,358,5337,285,5291
2023-08-25 23:31:52,358,9549,286,5279
2023-08-25 23:31:53,358,9552,286,5276
2023-08-25 23:31:54,358,9549,286,7543
2023-08-25 23:31:54,358,9554,285,7541
2023-08-25 23:31:55,358,9554,285,7541
2023-08-25 23:31:56,358,9552,285,7545
2023-08-25 23:31:57,358,5334,285,7549
2023-08-25 23:31:58,358,5336,285,5291
2023-08-25 23:32:00,358,5336,285,5293
2023-10-11 07:58:40,358,9549,285,7550
2023-10-11 07:58:41,358,5337,285,7541
2023-10-11 07:58:42,358,5337,285,7541
2023-10-11 07:58:42,358,5336,285,5291
2023-10-11 07:58:43,358,5337,285,5298
2023-10-11 07:58:43,358,5337,285,5298
2023-10-11 07:58:44,358,5334,285,5296
2023-10-11 07:58:45,358,9554,285,5293
2023-10-11 07:58:45,358,9554,285,5293
2023-10-11 07:58:46,358,9549,285,5291
2023-10-11 07:58:47,358,9549,285,5291
2023-10-11 07:58:47,358,9554,285,7547
2023-10-11 07:58:48,358,9549,285,7545
2023-10-11 07:58:49,358,9549,285,7545
2023-10-11 07:58:49,358,9554,285,7545
2023-10-11 07:58:50,358,5336,285,7541
2023-10-11 07:58:51,358,5336,285,7541
2023-10-11 07:58:51,358,5334,285,754
2023-10-11 07:58:52,358,5334,285,754
2023-10-11 07:58:52,358,5337,285,529
2023-10-11 07:58:53,358,5336,285,529
2023-10-11 07:58:54,358,5336,285,5
2023-10-11 07:58:54,358,5336,285,5
2023-10-11 07:58:55,38,5336,285,5
2023-10-11 07:58:55,358,9549,285,5
2023-10-11 07:58:56,358,9552,286,5
2023-10-11 07:58:57,358,9552,286,7
2023-10-11 07:58:58,358,9552,286,7
2023-10-11 07:58:58,358,9552,286,0
2023-10-11 07:58:59,358,9552,286,7
2023-10-11 07:59:00,358,9552,285,7543
2023-10-11 07:59:00,358,5337,285,7539
2023-10-11 07:59:01,358,5334,285,755
2023-10-11 07:59:02,358,5334,285,7550
2023-10-11 07:59:02,358,5336,285,5294
2023-10-11 07:59:03,358,5336,285,5294
2023-10-11 07:59:03,358,5334,285,5291
2023-10-11 07:59:04,358,5337,285,5291
2023-10-11 07:59:05,358,5337,285,529
2023-10-11 08:10:12,358,5337,285,7547
2023-10-11 08:10:14,358,5336,285,51
2023-10-11 08:10:15,358,5334,285,5296
2023-10-11 08:10:16,358,9554,285,529
2023-10-11 08:10:17,358,9554,285,5295
2023-10-11 08:10:18,358,9549,285,529
2023-10-11 08:10:19,358,9554,285,75
2023-10-11 08:10:19,358,9549,285,754
2023-10-11 08:10:20,358,9549,285,754
2023-10-11 08:10:21,358,9554,285,754
2023-10-11 08:10:21,358,5336,285,754
2023-10-11 08:10:22,358,5336,285,7541
2023-10-11 08:10:23,358,5334,285,754
2023-10-11 08:10:23,358,5337,285,5294
2023-10-11 08:10:24,358,5337,285,5294
2023-10-11 08:10:25,358,5336,285,5297
2023-10-11 08:10:26,358,5336,285,5294
2023-10-11 08:10:27,358,9549,285,5291
2023-10-11 08:10:27,358,9552,286,527
2023-10-11 08:10:28,358,9552,286,5273
2023-10-11 08:13:10,358,5334,285,5291
2023-10-11 08:13:11,358,5337,285,529
2023-10-11 08:13:12,358,5337,285,529
2023-10-11 08:13:13,358,9549,286,527
2023-10-11 08:13:13,358,9552,286,52
2023-10-11 08:13:14,38,9598,286,5
2023-10-11 08:13:15,35,5549,,2
2023-10-11 08:13:16,358,9554,285,75
2023-10-11 08:13:16,358,9552,285,7545
2023-10-11 08:13:17,358,9552,285,754
2023-10-11 08:13:18,358,5334,285,7549
2023-10-11 08:13:18,358,5337,285,754
2023-10-11 08:13:19,38,5337,285,754
2023-10-11 08:13:20,358,5336,285,529
2023-10-11 08:13:20,358,5336,285,529
2023-10-11 08:13:21,358,5336,285,52
2023-10-11 08:13:22,358,5336,286,52
2023-10-11 08:13:22,358,9552,286,5
2023-10-11 08:13:23,358,9552,286,5279
2023-10-11 08:13:24,358,9554,286,5273
2023-10-11 08:13:24,358,959,286,5275
2023-10-11 08:13:25,358,9549,285,7545
2023-10-11 08:13:26,358,9554,285,7549
2023-10-11 10:31:26,358,9549,285,7550
2023-10-11 10:32:46,358,5336,285,7541
2023-10-11 10:32:47,358,5334,285,7545
2023-10-11 10:32:49,358,5336,285,5297
2023-10-11 10:32:49,358,5336,285,5297
2023-10-11 10:32:50,358,5336,285,5294
2023-10-11 10:32:51,358,9549,285,5291
2023-10-11 10:32:51,358,9549,285,5291
2023-10-11 10:32:52,358,9552,286,5273
2023-10-11 10:57:40,358,9552,285,7541
2023-10-11 10:57:43,358,5337,2850,7541
2023-10-11 10:58:56,358,9554,285,7541
2023-10-11 10:58:56,358,9549,285,7550
2023-10-11 10:58:59,358,5336,285,5291
2023-10-11 10:59:00,358,5337,280,5298
2023-10-11 10:59:01,358,5334,285,5296
2023-10-11 10:59:01,358,5334,285,5296
2023-10-11 10:59:02,358,9554,285,5293
2023-10-11 10:59:03,358,9549,285,5291
2023-10-11 10:59:03,358,9549,285,5291
2023-10-11 10:59:04,358,9554,285,7547
2023-10-11 10:59:05,358,9549,285,7549
2023-10-11 10:59:05,358,9549,285,7549
2023-10-11 10:59:06,358,9554,285,7545
2023-10-11 10:59:07,358,5336,285,7541
2023-10-11 10:59:07,358,5336,285,7541
2023-10-11 10:59:08,358,5334,285,7545
2023-10-11 10:59:09,358,5334,285,7545
2023-10-11 10:59:09,358,5337,285,5294
2023-10-11 10:59:10,358,5336,285,5297
2023-10-11 10:59:10,358,5336,285,5297
2023-10-11 10:59:11,358,5336,285,5294
2023-10-11 10:59:12,358,9549,285,5291
2023-10-11 10:59:12,358,9549,285,5291
2023-10-11 10:59:13,358,9552,286,5273
2023-10-11 11:00:20,358,5336,285,7541
2023-10-11 11:00:21,358,5336,285,754
2023-10-11 11:00:22,358,5334,285,754
2023-10-11 11:00:22,358,5337,285,5294
2023-10-11 11:00:25,358,5336,285,5294
2023-10-11 11:00:25,358,9549,285,5291
2023-10-11 11:00:26,358,9549,285,5291
2023-10-11 11:00:27,358,9552,286,5273
2023-10-11 11:01:37,358,9552,285,754
2023-10-11 11:01:38,358,9552,286,7545
2023-10-11 11:05:13,358,5337,285,5294
2023-10-11 11:05:14,358,5336,285,5297
2023-10-11 11:05:14,358,536,285,5297
2023-10-11 11:05:15,358,5336,285,5294
2023-10-11 11:05:15,358,9549,285,5291
2023-10-11 11:05:16,358,9549,285,5291
2023-10-11 11:05:17,358,9552,286,5273
2023-10-11 11:07:29,358,5334,285,7545
2023-10-11 11:07:29,358,5334,285,7545
2023-10-11 11:07:30,358,5337,285,5294
2023-10-11 11:07:31,358,5336,285,5297
2023-10-11 11:07:31,358,56,285,5297
2023-10-11 11:07:32,358,5336,285,5294
2023-10-11 11:07:32,358,536,285,5294
2023-10-11 11:07:33,358,9549,285,5291
2023-10-11 11:07:34,358,9552,286,5273
2023-10-11 11:10:43,358,5334,285,7545
2023-10-11 11:10:44,358,5337,285,5294
2023-10-11 11:10:45,358,5336,285,5297
2023-10-11 11:10:45,358,5336,285,5297
2023-10-11 11:10:46,358,5336,285,5294
2023-10-11 11:10:47,358,9549,285,5291
2023-10-11 11:10:48,358,9549,285,5291
2023-10-11 11:10:48,358,9552,286,5273
2023-10-11 11:26:27,358,9549,285,7549
2023-10-11 11:26:29,358,9554,285,7545
2023-10-11 11:26:30,358,5334,285,7545
2023-10-11 11:26:31,358,5337,285,5294
2023-10-11 11:26:32,358,5336,285,5297
2023-10-11 11:26:33,358,5336,285,5297
2023-10-11 11:26:33,358,5336,285,5294
2023-10-11 11:26:34,358,9549,285,5291
2023-10-11 11:26:35,358,9549,285,5291
2023-10-11 11:26:35,358,9552,286,5273
2023-10-11 11:40:53,358,5336,285,5294
2023-10-11 11:40:54,358,9552,2860,5273
2023-10-11 11:42:21,358,5336,285,5297
2023-10-11 11:42:22,358,5336,285,5294
2023-10-11 11:42:23,358,9549,285,5291
2023-10-11 11:42:23,358,9549,285,5291
2023-10-11 11:42:24,358,9552,286,5273
2023-10-11 11:44:11,358,5336,285,5294
2023-10-11 11:44:11,358,5336,285,5294
2023-10-11 11:44:12,38,9549,285,5291
2023-10-11 11:44:13,358,9552,286,5273
2023-10-11 11:52:37,358,9554,285,7545
2023-10-11 11:52:39,358,5336,285,7541
2023-10-11 11:52:39,358,5334,285,7545
2023-10-11 11:52:40,358,5337,285,5294
2023-10-11 11:52:41,358,5337,285,5294
2023-10-11 11:52:41,358,5336,285,5297
2023-10-11 11:52:42,358,5336,285,5297
2023-10-11 11:52:42,358,5336,285,5294
2023-10-11 11:52:43,358,9549,285,5291
2023-10-11 11:52:44,358,9549,285,5291
2023-10-11 11:52:44,358,9552,286,5273
2023-10-11 11:56:16,38,5336,285,529
2023-10-11 11:56:17,358,5336,285,5294
2023-10-11 11:56:18,358,5336,285,5294
2023-10-11 11:56:18,358,9549,285,5291
2023-10-11 11:56:19,358,9552,286,5273
2023-10-11 11:59:18,358,9554,285,754
2023-10-11 11:59:19,358,5336,285,7541
2023-10-11 11:59:20,358,5334,285,7545
2023-10-11 11:59:20,358,5337,285,5294
2023-10-11 11:59:21,358,5337,285,5294
2023-10-11 11:59:22,38,5336,285,5297
2023-10-11 11:59:22,358,5336,285,5294
2023-10-11 11:59:23,358,5336,285,5294
2023-10-11 11:59:24,358,9549,285,5291
2023-10-11 11:59:24,358,9552,286,5273
2023-10-11 12:09:04,358,5336,285,5297
2023-10-11 12:09:05,358,5336,285,5294
2023-10-11 12:09:05,358,9549,285,5291
2023-10-11 12:09:06,358,9549,285,5291
2023-10-11 12:09:07,358,9552,286,5273
2023-10-11 12:21:45,358,5336,285,5297
2023-10-11 12:21:46,358,9549,285,5291
2023-10-11 12:21:47,358,9549,285,529
2023-10-11 12:21:47,358,9552,286,5273
2023-10-11 12:27:22,358,9554,285,754
2023-10-11 12:27:23,358,5336,285,7541
2023-10-11 12:27:24,358,5334,285,7545
2023-10-11 12:27:25,358,5334,285,7545
2023-10-11 12:27:26,358,5337,285,5294
2023-10-11 12:27:26,358,5336,285,5297
2023-10-11 12:27:27,358,5336,285,5297
2023-10-11 12:27:28,358,5336,285,5294
2023-10-11 12:27:28,358,9549,285,5291
2023-10-11 12:27:29,358,9549,285,5291
2023-10-11 12:27:30,358,9552,286,5273
2023-10-11 12:27:34,358,5334,285,7550
2023-10-11 12:27:35,358,5336,285,995
2023-10-11 12:27:36,358,5336,285,5294
2023-10-11 12:27:36,358,5334,285,5291
2023-10-11 12:27:37,358,5334,285,529
2023-10-11 12:27:38,358,5337,285,529
2023-10-11 12:27:38,358,9549,286,5279
2023-10-11 12:27:42,358,9554,285,7541
2023-10-11 12:27:43,358,9552,285,7545
2023-10-11 12:27:43,358,5334,285,7549
2023-10-11 12:27:44,358,5334,285,7549
2023-10-12 05:28:05,358,5337,285,52998
2023-10-12 05:28:08,358,9549,285,5291
2023-10-12 05:28:09,358,9554,285,7547
2023-10-12 05:28:10,358,9549,285,7549
2023-10-12 05:28:10,358,9554,285,7545
2023-10-12 05:28:11,358,5336,285,7541
2023-10-12 05:28:12,358,5334,285,7545
2023-10-12 05:28:14,358,5337,285,5294
2023-10-12 05:28:15,358,5336,285,5297
2023-10-12 05:28:16,358,5336,285,5294
2023-10-12 05:28:17,358,9549,285,5291
2023-10-12 05:28:18,358,9552,286,5273
2023-10-12 05:29:35,358,5337,285,5294
2023-10-12 05:29:36,358,5336,285,5297
2023-10-12 05:29:36,358,5336,285,5294
2023-10-12 05:29:37,358,5336,285,5294
2023-10-12 05:29:38,358,9549,285,5291
2023-10-12 05:29:38,358,9549,285,5291
2023-10-12 05:29:39,358,9552,286,5273
2023-10-12 05:29:43,358,5334,285,7550
2023-10-12 05:29:44,358,5334,285,7550
2023-10-12 05:29:45,358,5336,285,5294
2023-10-12 05:29:45,358,5336,285,5294
2023-10-12 05:29:46,358,5334,285,5291
2023-10-12 05:29:47,358,5337,285,5291
2023-10-12 05:29:47,358,5337,285,5291
2023-10-12 05:29:48,358,9549,286,5279
2023-10-12 05:29:52,358,9552,285,7545
2023-10-12 05:29:52,358,9552,285,7545
2023-10-12 05:29:53,358,5334,285,7549
2023-10-12 05:29:54,358,5337,285,7545
2023-10-12 05:29:54,358,5337,285,7545
2023-10-13 21:32:53,3,536,285,53
2023-10-13 21:32:55,388,336,280,
2023-10-13 21:32:56,8,5336,280,
2023-10-13 21:32:57,38,94,280,9
2023-10-13 21:32:59,3,800995,280,0
2023-10-13 21:33:01,3,80095,280,49
2023-10-13 21:33:03,8,5334,280,0
2023-10-13 21:33:04,38,534,285,9
2023-10-13 21:33:06,38,536,280,
2023-10-13 21:33:08,38,9552,280,
2023-10-13 21:33:10,88,52,280,0
2023-10-13 21:33:12,3,80092,,0
2023-10-13 21:40:15,358,5334,285,754
2023-10-13 21:40:19,358,5334,285,7
2023-10-13 21:40:20,3,5800954,285,52
2023-10-13 21:40:21,358,9552,286,754
2023-10-13 21:43:15,358,5334,285,5296
2023-10-13 21:43:17,2358,9554,285,5293
2023-10-13 21:43:18,358,9554,285,747
2023-10-13 21:43:20,358,9549,285,7549
2023-10-13 21:43:21,358,9554,285,7545
2023-10-13 21:43:22,358,5336,285,7541
2023-10-13 21:43:23,358,5334,285,7545
2023-10-13 21:43:23,358,5337,285,5294
2023-10-13 21:43:24,358,5337,285,5294
2023-10-13 21:43:25,358,5336,285,5297
2023-10-13 21:43:26,358,5336,285,5294
2023-10-13 21:43:26,358,9548,285,5294
2023-10-13 21:43:27,358,9549,285,5291
2023-10-13 21:43:28,258,9552,286,5273
2023-10-13 21:45:26,358,5334,285,5296
2023-10-13 21:45:27,358,9554,285,5293
2023-10-13 21:45:29,358,9554,285,7547
2023-10-13 21:45:30,358,9549,285,7549
2023-10-13 21:45:31,358,9554,285,542
2023-10-13 21:45:32,358,5336,285,7541
2023-10-13 21:45:32,358,5336,285,7541
2023-10-13 21:45:33,358,5334,285,7545
2023-10-13 21:45:34,358,5337,285,5294
2023-10-13 21:45:35,358,5336,285,5297
2023-10-13 21:45:35,358,5336,2850,5297
2023-10-13 21:47:17,358,9554,285,5293
2023-10-13 21:47:19,358,9549,285,5291
2023-10-13 21:47:20,358,9549,285,7549
2023-10-13 21:47:21,358,9554,285,7545
2023-10-13 21:47:22,358,5336,285,7541
2023-10-13 21:47:23,358,5334,285,7545
2023-10-13 21:47:24,358,5334,285,7545
2023-10-13 21:47:24,358,5337,285,5294
2023-10-13 21:47:25,358,5336,285,5297
2023-10-13 21:47:26,358,5336,285,5297
2023-10-13 21:47:27,358,5336,285,5294
2023-10-13 21:47:27,358,9549,285,5291
2023-10-13 21:47:28,358,9552,286,5273
2023-10-13 21:49:12,358,9554,285,7545
2023-10-13 21:49:13,358,5334,285,7545
2023-10-13 21:49:15,358,5337,285,5294
2023-10-13 21:49:16,358,5336,285,5297
2023-10-13 21:49:17,358,5336,285,5294
2023-10-13 21:49:18,358,9549,285,5291
2023-10-13 21:49:19,358,9552,286,5273
2023-10-13 21:49:24,358,5334,285,7550
2023-10-13 21:49:25,358,5336,285,5294
2023-10-13 21:49:26,358,5334,285,5291
2023-10-13 21:49:27,358,9999,286,5299
2023-10-13 22:06:00,358,9554,285,7545
2023-10-13 22:06:03,358,5334,285,7545
2023-10-13 22:06:04,358,5337,285,5294
2023-10-13 22:06:05,358,5336,280,524
2023-10-13 22:06:06,358,9549,285,5291
2023-10-13 22:06:07,358,9552,286,5273
2023-10-13 22:08:02,358,5337,285,5298
2023-10-13 22:08:04,358,5334,285,5296
2023-10-13 22:08:05,358,9549,285,5291
2023-10-13 22:08:07,358,9554,285,7547
2023-10-13 22:08:08,358,9554,285,7545
2023-10-13 22:08:09,358,5336,285,7541
2023-10-13 22:08:10,358,5334,285,754
2023-10-13 22:08:11,358,5337,285,5294
2023-10-13 22:08:12,358,5336,285,5297
2023-10-13 22:08:13,358,5336,285,5297
2023-10-13 22:08:13,358,5336,285,5294
2023-10-13 22:08:14,358,9549,285,5291
2023-10-13 22:08:15,358,9552,286,5273
2023-10-13 22:09:19,358,5337,285,7547
2023-10-13 22:09:20,358,5337,285,7547
2023-10-13 22:09:21,358,5337,285,7547
2023-10-13 22:09:23,358,5337,285,7547
2023-10-13 22:09:24,358,5337,285,7547
2023-10-13 22:09:25,358,5337,285,7547
2023-10-13 22:09:26,358,5337,285,7547
2023-10-13 22:09:27,358,5337,285,7547
2023-10-13 22:09:27,358,5337,285,7547
2023-10-13 22:09:28,358,5337,285,7547
2023-10-13 22:09:29,358,5337,285,7547
2023-10-13 22:09:30,358,5337,285,7547
2023-10-13 22:09:31,358,5337,285,7547
2023-10-13 22:09:32,358,5337,285,7547
2023-10-13 22:09:33,358,5337,285,7547
2023-10-13 22:09:33,358,5337,285,7547
2023-10-13 22:09:34,358,5337,285,7547
2023-10-13 22:09:35,358,5337,285,7547
2023-10-13 22:09:36,358,5337,285,7547
2023-10-13 22:09:36,358,5337,285,7547
2023-10-13 22:09:37,358,5337,285,7547
2023-10-13 22:09:38,358,5337,285,7547
2023-10-13 22:09:39,358,5337,285,7547
2023-10-13 22:09:39,358,5337,285,7547
2023-10-13 22:09:40,358,5337,285,7547
2023-10-13 22:09:41,358,5337,285,7547
2023-10-13 22:09:42,358,5337,285,7547
2023-10-13 22:09:43,358,5337,285,7547
2023-10-13 22:09:43,358,5337,285,7547
2023-10-13 22:09:44,358,5337,285,7547
2023-10-13 22:09:45,358,5337,285,7547
2023-10-13 22:09:46,358,5337,285,7547
2023-10-13 22:09:47,358,5337,285,7547
2023-10-13 22:09:47,358,5337,285,7547
2023-10-13 22:09:48,358,5337,285,75
2023-10-13 22:09:49,358,5337,285,754
2023-10-13 22:09:50,2,,,2
2023-10-13 22:10:35,358,9549,285,5291
2023-10-13 22:10:37,358,9549,285,54
2023-10-13 22:10:38,358,9554,285,7545
2023-10-13 22:10:39,358,5336,285,7541
2023-10-13 22:10:40,358,5334,285,7545
2023-10-13 22:10:41,358,5337,285,5294
2023-10-13 22:10:42,358,5336,285,5297
2023-10-13 22:10:43,358,5336,285,5294
2023-10-13 22:10:44,358,9549,285,5291
2023-10-13 22:10:45,358,9552,286,5273
2023-10-13 22:12:46,358,5337,285,5294
2023-10-13 22:12:47,358,5336,285,5297
2023-10-13 22:12:49,358,9549,285,5291
2023-10-13 22:12:50,358,9552,286,5273
2023-10-13 22:12:56,358,5336,285,5294
2023-10-13 22:12:57,358,5334,285,5291
2023-10-13 22:12:59,358,9549,285,525
2023-10-13 22:13:00,2,,,5
2023-10-13 22:38:57,358,9549,285,52986
2023-10-13 22:38:58,358,4,286,5296
2023-10-13 22:39:04,358,336,285,5291
2023-10-13 22:39:06,358,5337,285,5298
2023-10-13 22:39:08,358,9554,285,529
2023-10-13 22:39:10,358,9554,850,7547
2023-10-13 22:39:17,358,5334,285,7545
2023-10-13 22:39:20,358,5336,285,5297
2023-10-13 22:39:22,358,9552,286,7545
2023-11-28 02:44:24,358,9999,285,7550
2023-11-28 02:44:26,358,5337,285,7541
2023-11-28 02:44:27,358,5336,285,5291
2023-11-28 02:44:28,358,5337,285,5298
2023-11-28 02:44:29,358,5334,285,5296
2023-11-28 02:44:30,358,9554,285,5293
2023-11-28 02:44:30,358,9549,285,5291
2023-11-28 02:44:31,358,9549,285,5291
2023-11-28 02:44:32,358,9554,285,7547
2023-11-28 02:44:33,358,9549,285,7549
2023-11-28 02:44:33,358,9554,285,7545
2023-11-28 02:44:34,358,9554,285,7545
2023-11-28 02:44:35,358,5336,285,7541
2023-11-28 02:44:36,358,5334,285,7545
2023-11-28 02:44:36,358,5337,285,5294
2023-11-28 02:44:37,358,5337,285,5294
2023-11-28 02:44:38,358,5336,285,5297
2023-11-28 02:44:39,358,5336,285,5294
2023-11-28 02:44:40,358,9549,285,5291
2023-11-28 02:44:41,358,9552,286,5273
2023-11-28 02:46:05,358,5337,285,5298
2023-11-28 02:46:07,358,5337,285,5298
2023-11-28 02:46:07,2,85,5,298
2023-11-28 02:46:08,358,5337,285,52998
2023-11-28 02:46:09,358,5337,285,5298
2023-11-28 02:46:10,38,5332,25,5
2023-11-28 02:46:11,358,5334,285,5296
2023-11-28 02:46:12,358,9554,285,5293
2023-11-28 02:46:12,358,9549,285,5291
2023-11-28 02:46:13,358,9554,285,7547
2023-11-28 02:46:14,358,9549,285,7549
2023-11-28 02:46:15,358,9549,285,7549
2023-11-28 02:46:16,358,9554,285,7545
2023-11-28 02:46:17,358,5336,285,7541
2023-11-28 02:46:17,358,5334,285,7545
2023-11-28 02:46:18,358,5337,285,5294
2023-11-28 02:46:19,358,5337,285,5294
2023-11-28 02:46:20,358,5336,285,5297
2023-11-28 02:46:21,358,5336,285,5294
2023-11-28 02:46:21,358,9549,285,5291
2023-11-28 02:46:22,358,9552,286,5273
2024-02-08 05:32:43,358,9549,285,5291
2024-02-08 05:32:46,358,9554,285,7545
2024-02-08 05:32:47,358,9554,285,7545
2024-02-08 05:32:48,358,5336,285,7541
2024-02-08 05:32:49,358,5334,285,7545
2024-02-08 05:32:50,358,5337,285,5294
2024-02-08 05:32:51,358,5336,285,5297
2024-02-08 05:32:52,358,5336,285,5294
2024-02-08 05:32:53,358,9549,285,5291
2024-02-08 05:32:54,358,9552,286,597
2024-02-08 05:36:32,358,5336,285,5291
2024-02-08 05:36:39,358,9554,285,7547
2024-02-08 05:36:41,358,5336,285,7541
2024-02-08 05:36:43,358,5337,285,5294
2024-02-08 05:36:43,358,5336,285,597
2024-02-08 05:36:44,358,5336,285,5294
2024-02-08 05:36:45,358,5336,285,5294
2024-02-08 05:36:45,358,9549,285,5291
2024-02-08 05:36:46,358,9552,286,527
2024-02-08 05:41:21,358,9554,285,7547
2024-02-08 05:41:35,358,5336,285,5294
2024-02-08 05:41:38,358,9552,286,5273
